{"cameraMode":{"drawMode":0,"name":"Shaded","section":"Shading Mode"},"sceneLighting":true,"audioPlay":false,"sceneViewState":{"m_AlwaysRefresh":false,"showFog":true,"showSkybox":true,"showFlares":true,"showImageEffects":true,"showParticleSystems":true,"showVisualEffectGraphs":true,"m_FxEnabled":true},"in2DMode":false,"pivot":{"x":-99.94113159179688,"y":-17.63675880432129,"z":108.81232452392578},"rotation":{"x":0.06177289038896561,"y":-0.36076122522354128,"z":0.023967169225215913,"w":0.9302669167518616},"size":77.99237823486328,"orthographic":false}