{"cameraMode":{"drawMode":0,"name":"Shaded","section":"Shading Mode"},"sceneLighting":true,"audioPlay":false,"sceneViewState":{"m_AlwaysRefresh":false,"showFog":true,"showSkybox":false,"showFlares":true,"showImageEffects":true,"showParticleSystems":true,"showVisualEffectGraphs":true,"m_FxEnabled":true},"in2DMode":false,"pivot":{"x":-207.2068634033203,"y":-22.877695083618165,"z":130.3705291748047},"rotation":{"x":0.04874962195754051,"y":-0.5009552240371704,"z":0.028300771489739419,"w":0.8636400103569031},"size":113.70636749267578,"orthographic":false}