{"cameraMode":{"drawMode":0,"name":"Shaded","section":"Shading Mode"},"sceneLighting":true,"audioPlay":false,"sceneViewState":{"m_AlwaysRefresh":false,"showFog":true,"showSkybox":false,"showFlares":true,"showImageEffects":true,"showParticleSystems":true,"showVisualEffectGraphs":true,"m_FxEnabled":true},"in2DMode":false,"pivot":{"x":197.34072875976563,"y":82.88265991210938,"z":279.23809814453127},"rotation":{"x":-0.11056704819202423,"y":0.33218055963516238,"z":0.039263710379600528,"w":0.9358963966369629},"size":175.80661010742188,"orthographic":false}