{"cameraMode":{"drawMode":0,"name":"Shaded","section":"Shading Mode"},"sceneLighting":true,"audioPlay":false,"sceneViewState":{"m_AlwaysRefresh":false,"showFog":true,"showSkybox":false,"showFlares":true,"showImageEffects":true,"showParticleSystems":true,"showVisualEffectGraphs":true,"m_FxEnabled":true},"in2DMode":false,"pivot":{"x":-89.60441589355469,"y":-19.37440299987793,"z":433.9061584472656},"rotation":{"x":0.024838648736476899,"y":-0.06717903912067414,"z":0.0016898912144824863,"w":0.997429609298706},"size":218.2006072998047,"orthographic":false}