{"cameraMode":{"drawMode":0,"name":"Shaded","section":"Shading Mode"},"sceneLighting":true,"audioPlay":false,"sceneViewState":{"m_AlwaysRefresh":false,"showFog":true,"showSkybox":true,"showFlares":true,"showImageEffects":true,"showParticleSystems":true,"showVisualEffectGraphs":true,"m_FxEnabled":true},"in2DMode":false,"pivot":{"x":29.4090576171875,"y":-6.455263137817383,"z":28.316253662109376},"rotation":{"x":-0.14662335813045503,"y":-0.32860955595970156,"z":0.051431942731142047,"w":-0.9316932559013367},"size":19.938770294189454,"orthographic":false}