{"cameraMode":{"drawMode":0,"name":"Shaded","section":"Shading Mode"},"sceneLighting":true,"audioPlay":false,"sceneViewState":{"m_AlwaysRefresh":false,"showFog":true,"showSkybox":true,"showFlares":true,"showImageEffects":true,"showParticleSystems":true,"showVisualEffectGraphs":true,"m_FxEnabled":true},"in2DMode":false,"pivot":{"x":1101.26025390625,"y":581.5136108398438,"z":1270.952392578125},"rotation":{"x":-0.0014998551923781634,"y":-0.01050044409930706,"z":-0.000015918260032776743,"w":0.9999415278434753},"size":1411.7490234375,"orthographic":false}