{"cameraMode":{"drawMode":0,"name":"Shaded","section":"Shading Mode"},"sceneLighting":true,"audioPlay":false,"sceneViewState":{"m_AlwaysRefresh":false,"showFog":true,"showSkybox":true,"showFlares":true,"showImageEffects":true,"showParticleSystems":true,"showVisualEffectGraphs":true,"m_FxEnabled":true},"in2DMode":false,"pivot":{"x":-17.13475227355957,"y":4.798051834106445,"z":0.3211386799812317},"rotation":{"x":-0.14456598460674287,"y":-0.29014039039611819,"z":0.044387392699718478,"w":-0.9449590444564819},"size":12.461819648742676,"orthographic":false}