{"cameraMode":{"drawMode":0,"name":"Shaded","section":"Shading Mode"},"sceneLighting":true,"audioPlay":false,"sceneViewState":{"m_AlwaysRefresh":false,"showFog":true,"showSkybox":true,"showFlares":true,"showImageEffects":true,"showParticleSystems":true,"showVisualEffectGraphs":true,"m_FxEnabled":true},"in2DMode":false,"pivot":{"x":1.3937335014343262,"y":4.273993015289307,"z":-1.1929603815078736},"rotation":{"x":0.16900955140590669,"y":0.6416583061218262,"z":-0.14787264168262483,"w":0.7333734631538391},"size":0.8660253882408142,"orthographic":false}