{"cameraMode":{"drawMode":0,"name":"Shaded","section":"Shading Mode"},"sceneLighting":true,"audioPlay":false,"sceneViewState":{"m_AlwaysRefresh":false,"showFog":true,"showSkybox":true,"showFlares":true,"showImageEffects":true,"showParticleSystems":true,"showVisualEffectGraphs":true,"m_FxEnabled":true},"in2DMode":false,"pivot":{"x":3.5441455841064455,"y":-11.467459678649903,"z":-28.311779022216798},"rotation":{"x":0.008496296592056752,"y":0.9512994289398193,"z":-0.3071538507938385,"w":0.026363080367445947},"size":13.691269874572754,"orthographic":false}